Index,FileName,CcliSongNumber,Type
1,"10,000 Reasons (Bless The Lord) (G).pdf",6016351,LeadSheet
2,A Mighty Fortress Is Our God (C).pdf,42964,LeadSheet
3,Above All (A).pdf,2672885,LeadSheet
4,All Glory Be To Christ (E).pdf,7008232,LeadSheet
5,All Heaven Declares (A).pdf,120556,LeadSheet
6,All The Poor And Powerless (A).pdf,5881130,LeadSheet
7,All To Us (G).pdf,5869860,LeadSheet
8,Amazing Grace (G).pdf,22025,LeadSheet
9,Amazing Grace (My Chains Are Gone) (F).pdf,4768151,LeadSheet
10,Ancient Words (E).pdf,2986399,LeadSheet
11,And Can It Be (Amazing Love) (G).pdf,25280,LeadSheet
12,Another In The Fire (C).pdf,7124907,LeadSheet
13,Are You Washed In The Blood (G).pdf,21105,LeadSheet
14,As The Deer (D).pdf,1431,LeadSheet
15,At The Cross (D).pdf,29499,LeadSheet
16,At The Cross (Love Ran Red) (G).pdf,7017786,LeadSheet
17,Be Enthroned (C).pdf,7054178,LeadSheet
18,Be Thou My Vision (D).pdf,30639,LeadSheet
19,Beautiful One (D).pdf,3915912,LeadSheet
20,Because He Lives (G).pdf,16880,LeadSheet
21,Before The Throne Of God Above (D).pdf,2306412,LeadSheet
22,Behold Our God (C).pdf,5937510,LeadSheet
23,Behold The Lord (G).pdf,1101763,LeadSheet
24,Better Is One Day (E).pdf,1097451,LeadSheet
25,Blessed Assurance (D).pdf,22324,LeadSheet
26,Blessed Be Your Name (B).pdf,3798438,LeadSheet
27,Break Every Chain (F).pdf,5910977,LeadSheet
28,Broken Vessels (Amazing Grace) (G).pdf,7019974,LeadSheet
29,Build My Life (G).pdf,7070345,LeadSheet
30,Build Your Kingdom Here (D).pdf,6186078,LeadSheet
31,Came To My Rescue (C).pdf,4705190,LeadSheet
32,Christ Is Enough (B).pdf,6514035,LeadSheet
33,Christ The Lord Is Risen Today (C).pdf,27965,LeadSheet
34,Christ The Lord Is Risen Today (He Is Not Dead) (C).pdf,7019316,LeadSheet
35,Come Now Is The Time To Worship (D).pdf,2430948,LeadSheet
36,Come Thou Fount (D).pdf,108389,LeadSheet
37,Cornerstone (C).pdf,6158927,LeadSheet
38,Crown Him (Majesty) (D).pdf,6463818,LeadSheet
39,Crown Him With Many Crowns (D).pdf,23938,LeadSheet
40,Days Of Elijah (A).pdf,1537904,LeadSheet
41,Death Was Arrested (B).pdf,7046448,LeadSheet
42,Death Where Is Your Sting (C).pdf,7102440,LeadSheet
43,Do It Again (A).pdf,7067555,LeadSheet
44,Even So Come (G).pdf,7036288,LeadSheet
45,Ever Be (D).pdf,7030065,LeadSheet
46,Everlasting God (A).pdf,4556538,LeadSheet
47,Faithful (F).pdf,5869877,LeadSheet
48,Forever (A).pdf,3148428,LeadSheet
49,Forever (We Sing Hallelujah) (A).pdf,7001228,LeadSheet
50,Forgiven (B).pdf,7068806,LeadSheet
51,From The Inside Out (C).pdf,4705176,LeadSheet
52,Glorious Day (D).pdf,7081388,LeadSheet
53,Glorious Day (Living He Loved Me) (B).pdf,5638022,LeadSheet
54,God Of This City (C).pdf,5037070,LeadSheet
55,God Of Wonders (G).pdf,3118757,LeadSheet
56,Good Good Father (A).pdf,7036612,LeadSheet
57,Gracefully Broken (A).pdf,7091509,LeadSheet
58,Great Are You Lord (A).pdf,6460220,LeadSheet
59,Great I Am (D).pdf,5881491,LeadSheet
60,Great Is Thy Faithfulness (Beginning To End) (C).pdf,18723,LeadSheet
61,Great Is Thy Faithfulness (D).pdf,7109317,LeadSheet
62,Hallelujah For The Cross (D).pdf,7107551,LeadSheet
63,Hallelujah For The Cross (Up To The Hill) (A).pdf,6550556,LeadSheet
64,He Reigns (G).pdf,4026635,LeadSheet
65,Healer (B).pdf,4873981,LeadSheet
66,"Heart Of Worship, The (D).pdf",2296522,LeadSheet
67,Here Again (C).pdf,7111925,LeadSheet
68,Here For You (G).pdf,5925649,LeadSheet
69,Here I Am To Worship (E).pdf,3266032,LeadSheet
70,Here Is Love (G).pdf,3287884,LeadSheet
71,Holy (Wedding Day) (A).pdf,6129798,LeadSheet
72,Holy Holy Holy (D).pdf,1156,LeadSheet
73,Hosanna (G).pdf,21545,LeadSheet
74,Hosanna (I See The King Of Glory) (E).pdf,4785835,LeadSheet
75,Hosanna (Praise Is Rising) (G).pdf,4662491,LeadSheet
76,How Deep The Father's Love For Us (D).pdf,1558110,LeadSheet
77,How Firm A Foundation (G).pdf,107816,LeadSheet
78,How Great Is Our God (C).pdf,4348399,LeadSheet
79,How Great Thou Art (B).pdf,14181,LeadSheet
80,I Can Only Imagine (D).pdf,2978857,LeadSheet
81,I Know Whom I Have Believed (C).pdf,31762,LeadSheet
82,I Lift My Hands (B).pdf,5869884,LeadSheet
83,I Stand Amazed (G).pdf,25297,LeadSheet
84,I Stand In Awe (A).pdf,23914,LeadSheet
85,I Surrender All (D).pdf,23189,LeadSheet
86,I Will Follow (A).pdf,5806878,LeadSheet
87,I Will Rise (B).pdf,5183450,LeadSheet
88,I Will Sing Of My Redeemer (D).pdf,7074703,LeadSheet
89,I Will Sing The Wondrous Story (F).pdf,2328610,LeadSheet
90,In Christ Alone (D).pdf,26399,LeadSheet
91,Indescribable (G).pdf,3350395,LeadSheet
92,It Is Well (Grander Earth) (G).pdf,4403076,LeadSheet
93,It Is Well With My Soul (C).pdf,7021972,LeadSheet
94,I'll Fly Away (G).pdf,25376,LeadSheet
95,Jesus I Am Resting (G).pdf,148576,LeadSheet
96,Jesus Is Alive (C).pdf,7121850,LeadSheet
97,Jesus Messiah (B).pdf,5183443,LeadSheet
98,Jesus Paid It All (C).pdf,22331,LeadSheet
99,Jesus Son Of God (B).pdf,6223539,LeadSheet
100,Just As I Am (C).pdf,23206,LeadSheet
101,Just As I Am (I Come Broken) (A).pdf,5635850,LeadSheet
102,King Of Kings (D).pdf,7127647,LeadSheet
103,King Of My Heart (A).pdf,7046145,LeadSheet
104,Knowing You (C).pdf,1045238,LeadSheet
105,Lamb Of God (C).pdf,16787,LeadSheet
106,Lay Me Down (C).pdf,6223577,LeadSheet
107,Lead Me To The Cross (D).pdf,4785828,LeadSheet
108,Like A River Glorious (F).pdf,33935,LeadSheet
109,"Lion And The Lamb, The (B).pdf",7038281,LeadSheet
110,Living Hope (D).pdf,7106807,LeadSheet
111,Lord I Lift Your Name On High (C).pdf,117947,LeadSheet
112,Lord I Need You (B).pdf,5925687,LeadSheet
113,"Lord Is My Salvation, The (A).pdf",7063694,LeadSheet
114,"Lord Our God, The (C).pdf",6518055,LeadSheet
115,"Love Of God, The (D).pdf",18448,LeadSheet
116,Majesty (A).pdf,1527,LeadSheet
117,Majesty (Here I Am) (A).pdf,4219071,LeadSheet
118,Man Of Sorrows (F).pdf,6476063,LeadSheet
119,Mercy (C).pdf,7000689,LeadSheet
120,Mighty To Save (A).pdf,4591782,LeadSheet
121,Mine Eyes Have Seen The Glory (Battle Hymn) (G).pdf,24133,LeadSheet
122,Mountain (D).pdf,6428853,LeadSheet
123,Mountain (You're Wonderful) (B).pdf,7065990,LeadSheet
124,My Lighthouse (C).pdf,7002032,LeadSheet
125,My Redeemer Lives (E).pdf,2397964,LeadSheet
126,Nearer My God To Thee (F).pdf,78835,LeadSheet
127,New Wine (A).pdf,7102397,LeadSheet
128,No Longer Slaves (A).pdf,7030123,LeadSheet
129,O Church Arise (D).pdf,4611992,LeadSheet
130,O Come To The Altar (B).pdf,7051511,LeadSheet
131,O Praise The Name (C).pdf,7037787,LeadSheet
132,O The Deep Deep Love Of Jesus (Em).pdf,137178,LeadSheet
133,Oceans (D).pdf,6428767,LeadSheet
134,Oh What Love (D).pdf,7044259,LeadSheet
135,Once Again (D).pdf,1564362,LeadSheet
136,One Thing Remains (Your Love Never Fails) (G).pdf,5508444,LeadSheet
137,Onward Christian Soldiers (F).pdf,47017,LeadSheet
138,Open The Eyes Of My Heart (E).pdf,2298355,LeadSheet
139,Our God (B).pdf,5677416,LeadSheet
140,"Power Of The Cross, The (A).pdf",4490766,LeadSheet
141,"Power Of Your Love, The (A).pdf",917491,LeadSheet
142,Praise You In This Storm (F).pdf,4543620,LeadSheet
143,Reckless Love (F).pdf,7089641,LeadSheet
144,Resurrecting (C).pdf,7051507,LeadSheet
145,Revelation Song (D).pdf,4447960,LeadSheet
146,Rooftops (E).pdf,5875153,LeadSheet
147,Scandal Of Grace (C).pdf,6428750,LeadSheet
148,Seek Ye First (C).pdf,1352,LeadSheet
149,Shout To The Lord (A).pdf,1406918,LeadSheet
150,So Will I (100 Billion X) (A).pdf,7084123,LeadSheet
151,"Solid Rock, The (F).pdf",25417,LeadSheet
152,"Stand, The (A).pdf",4705248,LeadSheet
153,Still (C).pdf,3940963,LeadSheet
154,Stronger (C).pdf,5060810,LeadSheet
155,Sweetly Broken (B).pdf,4514635,LeadSheet
156,Take My Life And Let It Be (F).pdf,1390,LeadSheet
157,There Is A Fountain (A).pdf,27707,LeadSheet
158,There Is A Redeemer (D).pdf,11483,LeadSheet
159,This Is Amazing Grace (G).pdf,6333821,LeadSheet
160,This Is My Father's World (D).pdf,6167640,LeadSheet
161,Tis So Sweet To Trust In Jesus (G).pdf,22609,LeadSheet
162,To God Be The Glory (G).pdf,23426,LeadSheet
163,Tremble (C).pdf,7065049,LeadSheet
164,Trust And Obey (F).pdf,22094,LeadSheet
165,Victor's Crown (C).pdf,6454621,LeadSheet
166,Victory In Jesus (G).pdf,1259,LeadSheet
167,Way Maker (E).pdf,7115744,LeadSheet
168,We Believe (D).pdf,6367165,LeadSheet
169,What A Beautiful Name (D).pdf,7068424,LeadSheet
170,What A Friend We Have In Jesus (F).pdf,27714,LeadSheet
171,When I Survey The Wondrous Cross (F).pdf,27893,LeadSheet
172,When The Roll Is Called Up Yonder (G).pdf,31315,LeadSheet
173,Who Am I (B).pdf,4196651,LeadSheet
174,Who You Say I Am (A).pdf,7102401,LeadSheet
175,Whom Shall I Fear (God Of Angel Armies) (C).pdf,6440288,LeadSheet
176,"Wonderful Cross, The (D).pdf",3148435,LeadSheet
177,Wonderful Merciful Savior (C).pdf,106879,LeadSheet
178,Yet Not I But Through Christ In Me (C).pdf,7121852,LeadSheet
179,You Are God Alone (Not A God) (A).pdf,4243463,LeadSheet
180,You Are Holy (Prince Of Peace) (G).pdf,2332149,LeadSheet
181,You Are My All In All (F).pdf,825356,LeadSheet
182,You Are My King (Amazing Love) (E).pdf,2456623,LeadSheet
183,Your Grace Is Enough (G).pdf,4477026,LeadSheet
184,Your Great Name (C).pdf,5393329,LeadSheet
185,Your Love Never Fails (A).pdf,5337172,LeadSheet
186,Your Presence Is Heaven (D).pdf,6214751,LeadSheet
