Index,Key,CcliSongNumber,Pages,PageNumber,Type,FileName
1,A,31669,1,260,ChordSheet,angels-from-the-realms-of-glory-A.pdf
2,F,27721,1,260,ChordSheet,angels-we-have-heard-on-high-F.pdf
3,F,38583,1,261,ChordSheet,away-in-a-manger-F.pdf
4,F,31999,1,261,ChordSheet,come-thou-long-expected-jesus-F.pdf
5,F,29080,1,262,ChordSheet,go-tell-it-on-the-mountain-F.pdf
6,Em,39441,3,262,ChordSheet,god-rest-ye-merry-gentlemen-Em.pdf
7,F,85158,1,264,ChordSheet,good-christian-men-rejoice-F.pdf
8,F,27738,2,264,ChordSheet,hark-the-herald-angels-sing-F.pdf
9,G,31078,1,265,ChordSheet,it-came-upon-the-midnight-clear-G.pdf
10,D,24016,1,266,ChordSheet,joy-to-the-world-D.pdf
11,Cm,839225,3,266,ChordSheet,mary-did-you-know-Cm.pdf
12,G,31054,1,268,ChordSheet,o-come-all-ye-faithful-G.pdf
13,Em,31982,1,268,ChordSheet,o-come-o-come-emmanuel-Em.pdf
14,C,32015,2,269,ChordSheet,o-holy-night-C.pdf
15,F,27879,1,270,ChordSheet,o-little-town-of-bethlehem-F.pdf
16,A,27862,1,270,ChordSheet,silent-night-A.pdf
17,D,31047,2,271,ChordSheet,the-first-noel-D.pdf
18,G,38002,1,272,ChordSheet,we-three-kings-kings-of-orient-G.pdf
19,G,30983,1,272,ChordSheet,what-child-is-this-Em.pdf
20,C,32008,1,273,ChordSheet,while-shepherds-watched-C.pdf
