Index,FullTitle,PageCount,PageNumber
1,"10,000 Reasons (Bless The Lord)",4,1
6,All The Poor And Powerless,4,5
7,All To Us,4,9
4,All Glory Be To Christ,3,13
2,A Mighty Fortress Is Our God,1,16
9,Amazing Grace (My Chains Are Gone),3,17
5,All Heaven Declares,1,20
10,Ancient Words,3,21
8,Amazing Grace,1,24
3,Above All,2,25
11,And Can It Be (Amazing Love),2,27
12,Another In The Fire,6,29
20,Because He Lives,2,35
16,At The Cross (Love Ran Red),5,37
19,Beautiful One,3,42
17,Be Enthroned,5,45
24,Better Is One Day,3,50
21,Before The Throne Of God Above,2,53
22,Behold Our God,2,55
26,Blessed Be Your Name,2,57
29,Build My Life,2,59
28,Broken Vessels (Amazing Grace),3,61
13,Are You Washed In The Blood,1,64
27,Break Every Chain,4,65
30,Build Your Kingdom Here,3,69
14,As The Deer,1,72
32,Christ Is Enough,4,73
31,Came To My Rescue,3,77
15,At The Cross,1,80
34,Christ The Lord Is Risen Today (He Is Not Dead),3,81
18,Be Thou My Vision,1,84
37,Cornerstone,3,85
23,Behold The Lord,1,88
38,Crown Him (Majesty),4,89
40,Days Of Elijah,3,93
25,Blessed Assurance,1,96
41,Death Was Arrested,4,97
43,Do It Again,4,101
44,Even So Come,4,105
42,Death Where Is Your Sting,3,109
33,Christ The Lord Is Risen Today,1,112
47,Faithful,4,113
45,Ever Be,3,117
36,Come Thou Fount,1,120
50,Forgiven,4,121
46,Everlasting God,3,125
39,Crown Him With Many Crowns,1,128
53,Glorious Day (Living He Loved Me),4,129
54,God Of This City,4,133
55,God Of Wonders,4,137
49,Forever (We Sing Hallelujah),3,141
57,Gracefully Broken,4,145
51,From The Inside Out,3,149
52,Glorious Day,3,153
56,Good Good Father,3,157
59,Great I Am,3,161
61,Great Is Thy Faithfulness (Beginning To End),3,165
63,Hallelujah For The Cross (Up To The Hill),3,169
64,He Reigns,3,173
65,Healer,4,177
67,Here Again,3,181
72,Holy Holy Holy,1,184
68,Here For You,3,185
73,Hosanna,1,188
70,Here Is Love,3,189
76,How Deep The Father's Love For Us,1,192
71,Holy (Wedding Day),3,193
77,How Firm A Foundation,1,196
74,Hosanna (I See The King Of Glory),3,197
81,I Know Whom I Have Believed,1,200
35,Come Now Is The Time To Worship,2,201
48,Forever,2,203
62,Hallelujah For The Cross,5,205
58,Great Are You Lord,2,210
83,I Stand Amazed (My Savior's Love),1,212
75,Hosanna (Praise Is Rising),4,213
80,I Can Only Imagine,4,217
82,I Lift My Hands,4,221
86,I Will Follow,3,225
85,I Surrender All,1,228
88,I Will Sing Of My Redeemer,3,229
94,It Is Well With My Soul,1,232
60,Great Is Thy Faithfulness,2,233
66,"Heart Of Worship, The",2,235
87,I Will Rise,4,237
92,Indescribable,3,241
90,I'll Fly Away,1,244
93,It Is Well (Grander Earth),3,245
98,Jesus Paid It All,1,248
96,Jesus Is Alive,3,249
100,Just As I Am,1,252
97,Jesus Messiah,3,253
69,Here I Am To Worship,2,257
78,How Great Is Our God,2,259
99,Jesus Son Of God,4,261
102,King Of Kings,3,265
108,Like A River Glorious,1,268
79,How Great Thou Art,2,269
84,I Stand In Awe,2,271
103,King Of My Heart,4,273
107,Lead Me To The Cross (Quiet I Come),3,277
111,Lord I Lift Your Name On High,1,280
109,"Lion And The Lamb, The",3,281
89,I Will Sing The Wondrous Story,2,285
91,In Christ Alone,2,287
106,Lay Me Down,4,289
110,Living Hope,4,293
112,Lord I Need You,4,297
113,"Lord Is My Salvation, The",4,301
95,Jesus I Am Resting,2,305
101,Just As I Am (I Come Broken),2,307
118,Man Of Sorrows,3,309
119,Mercy,3,313
104,Knowing You (All I Once Held Dear),2,317
105,Lamb Of God,2,319
120,Mighty To Save,4,321
122,Mountain,4,325
123,Mountain (You're Wonderful),3,329
124,My Lighthouse,3,333
114,"Lord Our God, The",2,337
115,"Love Of God, The",2,339
127,New Wine,4,341
128,No Longer Slaves,3,345
131,O Praise The Name,3,349
116,Majesty,2,353
117,Majesty (Here I Am),2,355
130,O Come To The Altar,4,357
133,Oceans (Where Feet May Fail),4,361
134,Oh What Love,3,365
136,One Thing Remains (Your Love Never Fails),3,369
121,Mine Eyes Have Seen The Glory (Battle Hymn),2,373
125,My Redeemer Lives,2,375
126,Nearer My God To Thee,2,377
129,O Church Arise,2,379
132,O The Deep Deep Love Of Jesus,2,381
135,Once Again,2,383
139,Our God (Water You Turned Into Wine),5,385
144,Resurrecting,3,390
142,Praise You In This Storm,4,393
143,Reckless Love,4,397
145,Revelation Song,3,401
148,Seek Ye First,1,404
146,Rooftops,3,405
151,"Solid Rock, The",1,408
137,Onward Christian Soldiers,2,409
138,Open The Eyes Of My Heart,2,411
154,Stronger,3,413
156,Take My Life And Let It Be,1,416
140,"Power Of The Cross, The",2,417
141,"Power Of Your Love, The",2,419
150,So Will I (100 Billion X),5,421
147,Scandal Of Grace,2,426
158,There Is A Redeemer,1,428
155,Sweetly Broken,4,429
160,This Is My Father's World,4,433
149,Shout To The Lord,2,437
152,"Stand, The",2,439
159,This Is Amazing Grace,5,441
153,Still (Hide Me Now),2,446
161,Tis So Sweet To Trust In Jesus,1,448
157,There Is A Fountain,2,449
162,To God Be The Glory,2,451
165,Victor's Crown,5,453
169,What A Beautiful Name,3,458
167,Way Maker,4,461
168,We Believe,4,465
174,Who You Say I Am,3,469
164,Trust And Obey,1,472
173,Who Am I,4,473
175,Whom Shall I Fear (God Of Angel Armies),3,477
170,What A Friend We Have In Jesus,1,480
179,You Are God Alone (Not A God),3,481
171,When I Survey The Wondrous Cross,1,484
163,Tremble,2,485
166,Victory In Jesus (I Heard An Old Old Story),2,487
180,You Are Holy (Prince Of Piece),4,489
183,Your Grace Is Enough,3,493
172,When The Roll Is Called Up Yonder,1,496
184,Your Great Name,4,497
185,Your Love Never Fails,4,501
176,"Wonderful Cross, The",2,505
177,Wonderful Merciful Savior,2,507
178,Yet Not I But Through Christ In Me,2,509
182,You Are My King (Amazing Love),2,511
186,Your Presence Is Heaven,2,513
181,You Are My All In All,1,515
